<eagle version="6.4"><drawing><settings><setting alwaysvectorfont="no" verticaltext="up"/></settings><grid altunit="inch" altunitdist="inch" altdistance="0.025" display="no" multiple="1" style="lines" unit="inch" unitdist="inch" distance="0.05"/><layers><layer active="yes" visible="yes" fill="1" color="1" name="Reference" number="49"/><layer active="yes" visible="yes" fill="1" color="6" name="tPlace" number="25"/><layer active="yes" visible="yes" fill="1" color="2" name="tDocu" number="21"/><layer active="yes" visible="yes" fill="1" color="2" name="tCream" number="31"/><layer active="yes" visible="yes" fill="1" color="4" name="TOP" number="1"/><layer active="yes" visible="yes" fill="1" color="15" name="tStop" number="29"/><layer active="yes" visible="yes" fill="1" color="1" name="BOTTOM" number="16"/><layer active="yes" visible="yes" fill="1" color="7" name="bStop" number="30"/><layer active="yes" visible="yes" fill="1" color="7" name="bCream" number="32"/><layer active="yes" visible="yes" fill="1" color="3" name="bDocu" number="22"/><layer active="yes" visible="yes" fill="1" color="3" name="bPlace" number="26"/><layer active="yes" visible="yes" fill="1" color="5" name="Holes" number="45"/><layer active="yes" visible="yes" fill="1" color="5" name="Info" number="97"/><layer active="yes" visible="yes" fill="1" color="5" name="Guide" number="98"/><layer active="yes" visible="yes" fill="1" color="4" name="tValues" number="27"/><layer active="yes" visible="yes" fill="1" color="4" name="bValues" number="28"/><layer active="yes" visible="yes" fill="1" color="4" name="INTERNAL1" number="2"/><layer active="yes" visible="yes" fill="1" color="6" name="INTERNAL2" number="3"/><layer active="yes" visible="yes" fill="1" color="5" name="INTERNAL3" number="4"/><layer active="yes" visible="yes" fill="1" color="5" name="INTERNAL4" number="5"/><layer active="yes" visible="yes" fill="1" color="1" name="INTERNAL5" number="6"/><layer active="yes" visible="yes" fill="1" color="1" name="INTERNAL6" number="7"/><layer active="yes" visible="yes" fill="1" color="1" name="INTERNAL7" number="8"/><layer active="yes" visible="yes" fill="1" color="1" name="INTERNAL8" number="9"/><layer active="yes" visible="yes" fill="1" color="2" name="Values" number="96"/><layer active="yes" visible="yes" fill="1" color="1" name="FAB" number="49"/><layer active="yes" visible="yes" fill="1" color="1" name="ASSEMBLY_DETAIL" number="49"/><layer active="yes" visible="yes" fill="1" color="1" name="BOARD_OUTLINE" number="49"/><layer active="yes" visible="yes" fill="1" color="1" name="CopyRight" number="49"/><layer active="yes" visible="yes" fill="1" color="1" name="BRDOUT" number="20"/><layer active="yes" visible="yes" fill="1" color="1" name="NOTES" number="48"/><layer active="yes" visible="yes" fill="1" color="1" name="ASSYNOTES" number="21"/><layer active="yes" visible="yes" fill="1" color="1" name="STACKUP" number="46"/></layers><board><plain><wire layer="49" width="0.0254" y2="71.12" x2="25.4" y1="25.4" x1="25.4"/><wire layer="49" width="0.1016" y2="71.12" x2="25.4" y1="25.4" x1="25.4"/><wire layer="49" width="0.0254" y2="71.12" x2="83.82" y1="71.12" x1="25.4"/><wire layer="49" width="0.1016" y2="71.12" x2="83.82" y1="71.12" x1="25.4"/><wire layer="49" width="0.0254" y2="25.4" x2="83.82" y1="71.12" x1="83.82"/><wire layer="49" width="0.1016" y2="25.4" x2="83.82" y1="71.12" x1="83.82"/><wire layer="49" width="0.0254" y2="25.4" x2="25.4" y1="25.4" x1="83.82"/><wire layer="49" width="0.1016" y2="25.4" x2="25.4" y1="25.4" x1="83.82"/><text align="bottom-left" layer="21" size="1.778" y="34.036" x="48.895">Cout</text><text align="bottom-left" layer="21" size="1.778" y="57.912" x="31.877">Note :</text><text align="bottom-left" layer="21" size="1.778" y="56.388" x="35.56">Connect MODE to VIN for FPWM mode</text><text align="bottom-left" layer="21" size="1.778" y="54.864" x="35.687">Connect MODE to GND for Auto mode</text><text align="bottom-left" rot="SMR180" layer="22" size="1.778" y="30.099" x="71.628">D1</text></plain><libraries><library name="ultra-librarian"><packages><package name="0805"><smd layer="1" dx="1.1176" dy="1.4478" y="0" x="-0.9017" name="1"/><smd layer="1" dx="1.1176" dy="1.4478" y="0" x="0.9017" name="2"/><wire layer="25" width="0" y2="0.7239" x2="-0.3429" y1="-0.7239" x1="-0.3429"/><wire layer="25" width="0" y2="0.7239" x2="-1.1049" y1="0.7239" x1="-0.3429"/><wire layer="25" width="0" y2="-0.7239" x2="-1.1049" y1="0.7239" x1="-1.1049"/><wire layer="25" width="0" y2="-0.7239" x2="-0.3429" y1="-0.7239" x1="-1.1049"/><wire layer="25" width="0" y2="-0.7239" x2="0.3429" y1="0.7239" x1="0.3429"/><wire layer="25" width="0" y2="-0.7239" x2="1.1049" y1="-0.7239" x1="0.3429"/><wire layer="25" width="0" y2="0.7239" x2="1.1049" y1="-0.7239" x1="1.1049"/><wire layer="25" width="0" y2="0.7239" x2="0.3429" y1="0.7239" x1="1.1049"/><wire layer="25" width="0" y2="-0.7239" x2="1.1049" y1="-0.7239" x1="-1.1049"/><wire layer="25" width="0" y2="0.7239" x2="1.1049" y1="-0.7239" x1="1.1049"/><wire layer="25" width="0" y2="0.7239" x2="-1.1049" y1="0.7239" x1="1.1049"/><wire layer="25" width="0" y2="-0.7239" x2="-1.1049" y1="0.7239" x1="-1.1049"/></package><package name="TP-1502"><pad shape="round" drill="0.8128" y="0" x="0" name="1"/></package><package name="XFL4020"><smd layer="1" dx="0.9652" dy="3.4036" y="0" x="-1.1811" name="1"/><smd layer="1" dx="0.9652" dy="3.4036" y="0" x="1.1811" name="2"/><wire layer="21" width="0.1524" y2="-2.1463" x2="2.1463" y1="-2.1463" x1="-2.1463"/><wire layer="21" width="0.1524" y2="2.1463" x2="2.1463" y1="-2.1463" x1="2.1463"/><wire layer="21" width="0.1524" y2="2.1463" x2="-2.1463" y1="2.1463" x1="2.1463"/><wire layer="21" width="0.1524" y2="-2.1463" x2="-2.1463" y1="2.1463" x1="-2.1463"/><wire layer="25" width="0" y2="-2.1463" x2="2.1463" y1="-2.1463" x1="-2.1463"/><wire layer="25" width="0" y2="2.1463" x2="2.1463" y1="-2.1463" x1="2.1463"/><wire layer="25" width="0" y2="2.1463" x2="-2.1463" y1="2.1463" x1="2.1463"/><wire layer="25" width="0" y2="-2.1463" x2="-2.1463" y1="2.1463" x1="-2.1463"/></package><package name="0402"><smd layer="1" dx="0.5588" dy="0.6096" y="0" x="-0.4191" name="1"/><smd layer="1" dx="0.5588" dy="0.6096" y="0" x="0.4191" name="2"/><wire layer="25" width="0" y2="0.3048" x2="-0.1397" y1="-0.3048" x1="-0.1397"/><wire layer="25" width="0" y2="0.3048" x2="-0.5461" y1="0.3048" x1="-0.1397"/><wire layer="25" width="0" y2="-0.3048" x2="-0.5461" y1="0.3048" x1="-0.5461"/><wire layer="25" width="0" y2="-0.3048" x2="-0.1397" y1="-0.3048" x1="-0.5461"/><wire layer="25" width="0" y2="-0.3048" x2="0.1397" y1="0.3048" x1="0.1397"/><wire layer="25" width="0" y2="-0.3048" x2="0.5461" y1="-0.3048" x1="0.1397"/><wire layer="25" width="0" y2="0.3048" x2="0.5461" y1="-0.3048" x1="0.5461"/><wire layer="25" width="0" y2="0.3048" x2="0.1397" y1="0.3048" x1="0.5461"/><wire layer="25" width="0" y2="-0.3048" x2="0.5461" y1="-0.3048" x1="-0.5461"/><wire layer="25" width="0" y2="0.3048" x2="0.5461" y1="-0.3048" x1="0.5461"/><wire layer="25" width="0" y2="0.3048" x2="-0.5461" y1="0.3048" x1="0.5461"/><wire layer="25" width="0" y2="-0.3048" x2="-0.5461" y1="0.3048" x1="-0.5461"/></package><package name="RWU0007A"><smd layer="1" dx="1.15" dy="0.35" y="0.55" x="-0.625" name="1"/><smd layer="1" dx="1.45" dy="0.2" y="0" x="-0.475" name="2"/><smd layer="1" dx="1.15" dy="0.35" y="-0.55" x="-0.625" name="3"/><smd layer="1" dx="0.45" dy="0.25" y="-0.75" x="0.975" name="4"/><smd layer="1" dx="0.45" dy="0.25" y="-0.25" x="0.975" name="5"/><smd layer="1" dx="0.45" dy="0.25" y="0.25" x="0.975" name="6"/><smd layer="1" dx="0.45" dy="0.25" y="0.75" x="0.975" name="7"/><wire layer="25" width="0.1" y2="-1.05" x2="1.05" y1="-1.05" x1="-1.05"/><wire layer="25" width="0.1" y2="1.05" x2="1.05" y1="1.05" x1="-1.05"/><wire layer="25" width="0.1" y2="1.05" x2="1.05" y1="-1.05" x1="1.05"/><wire layer="25" width="0.1" y2="1.05" x2="-1.05" y1="-1.05" x1="-1.05"/><polygon width="0.4604" layer="31"><vertex x="-0.575" y="0.05"/><vertex x="-0.575" y="-0.05"/><vertex x="-0.576" y="-0.0598"/><vertex x="-0.5788" y="-0.0691"/><vertex x="-0.5834" y="-0.0778"/><vertex x="-0.5896" y="-0.0854"/><vertex x="-0.5972" y="-0.0916"/><vertex x="-0.6059" y="-0.0962"/><vertex x="-0.6152" y="-0.099"/><vertex x="-0.625" y="-0.1"/><vertex x="-1.15" y="-0.1"/><vertex x="-1.1598" y="-0.099"/><vertex x="-1.1691" y="-0.0962"/><vertex x="-1.1778" y="-0.0916"/><vertex x="-1.1854" y="-0.0854"/><vertex x="-1.1916" y="-0.0778"/><vertex x="-1.1962" y="-0.0691"/><vertex x="-1.199" y="-0.0598"/><vertex x="-1.2" y="-0.05"/><vertex x="-1.2" y="0.05"/><vertex x="-1.199" y="0.0598"/><vertex x="-1.1962" y="0.0691"/><vertex x="-1.1916" y="0.0778"/><vertex x="-1.1854" y="0.0854"/><vertex x="-1.1778" y="0.0916"/><vertex x="-1.1691" y="0.0962"/><vertex x="-1.1598" y="0.099"/><vertex x="-1.15" y="0.1"/><vertex x="-0.625" y="0.1"/><vertex x="-0.6152" y="0.099"/><vertex x="-0.6059" y="0.0962"/><vertex x="-0.5972" y="0.0916"/><vertex x="-0.5896" y="0.0854"/><vertex x="-0.5834" y="0.0778"/><vertex x="-0.5788" y="0.0691"/><vertex x="-0.576" y="0.0598"/></polygon><polygon width="0.4604" layer="31"><vertex x="-0.375" y="-0.05"/><vertex x="-0.375" y="0.05"/><vertex x="-0.374" y="0.0598"/><vertex x="-0.3712" y="0.0691"/><vertex x="-0.3666" y="0.0778"/><vertex x="-0.3604" y="0.0854"/><vertex x="-0.3528" y="0.0916"/><vertex x="-0.3441" y="0.0962"/><vertex x="-0.3348" y="0.099"/><vertex x="-0.325" y="0.1"/><vertex x="0.2" y="0.1"/><vertex x="0.2098" y="0.099"/><vertex x="0.2191" y="0.0962"/><vertex x="0.2278" y="0.0916"/><vertex x="0.2354" y="0.0854"/><vertex x="0.2416" y="0.0778"/><vertex x="0.2462" y="0.0691"/><vertex x="0.249" y="0.0598"/><vertex x="0.25" y="0.05"/><vertex x="0.25" y="-0.05"/><vertex x="0.249" y="-0.0598"/><vertex x="0.2462" y="-0.0691"/><vertex x="0.2416" y="-0.0778"/><vertex x="0.2354" y="-0.0854"/><vertex x="0.2278" y="-0.0916"/><vertex x="0.2191" y="-0.0962"/><vertex x="0.2098" y="-0.099"/><vertex x="0.2" y="-0.1"/><vertex x="-0.325" y="-0.1"/><vertex x="-0.3348" y="-0.099"/><vertex x="-0.3441" y="-0.0962"/><vertex x="-0.3528" y="-0.0916"/><vertex x="-0.3604" y="-0.0854"/><vertex x="-0.3666" y="-0.0778"/><vertex x="-0.3712" y="-0.0691"/><vertex x="-0.374" y="-0.0598"/></polygon><polygon width="0.4604" layer="31"><vertex x="-0.525" y="-0.6742"/><vertex x="-0.525" y="-0.4257"/><vertex x="-0.524" y="-0.4158"/><vertex x="-0.5211" y="-0.4063"/><vertex x="-0.5164" y="-0.3976"/><vertex x="-0.5101" y="-0.3899"/><vertex x="-0.5024" y="-0.3836"/><vertex x="-0.4937" y="-0.3789"/><vertex x="-0.4842" y="-0.376"/><vertex x="-0.4743" y="-0.375"/><vertex x="-0.1007" y="-0.375"/><vertex x="-0.0908" y="-0.376"/><vertex x="-0.0813" y="-0.3789"/><vertex x="-0.0726" y="-0.3836"/><vertex x="-0.0649" y="-0.3899"/><vertex x="-0.0586" y="-0.3976"/><vertex x="-0.0539" y="-0.4063"/><vertex x="-0.051" y="-0.4158"/><vertex x="-0.05" y="-0.4257"/><vertex x="-0.05" y="-0.6742"/><vertex x="-0.051" y="-0.6841"/><vertex x="-0.0539" y="-0.6937"/><vertex x="-0.0586" y="-0.7024"/><vertex x="-0.0649" y="-0.7101"/><vertex x="-0.0726" y="-0.7164"/><vertex x="-0.0813" y="-0.7211"/><vertex x="-0.0908" y="-0.724"/><vertex x="-0.1007" y="-0.725"/><vertex x="-0.4743" y="-0.725"/><vertex x="-0.4842" y="-0.724"/><vertex x="-0.4937" y="-0.7211"/><vertex x="-0.5024" y="-0.7164"/><vertex x="-0.5101" y="-0.7101"/><vertex x="-0.5164" y="-0.7024"/><vertex x="-0.5211" y="-0.6937"/><vertex x="-0.524" y="-0.6841"/></polygon><polygon width="0.4604" layer="31"><vertex x="-1.2" y="-0.6742"/><vertex x="-1.2" y="-0.4257"/><vertex x="-1.199" y="-0.4158"/><vertex x="-1.1961" y="-0.4063"/><vertex x="-1.1914" y="-0.3976"/><vertex x="-1.1851" y="-0.3899"/><vertex x="-1.1774" y="-0.3836"/><vertex x="-1.1687" y="-0.3789"/><vertex x="-1.1592" y="-0.376"/><vertex x="-1.1493" y="-0.375"/><vertex x="-0.7757" y="-0.375"/><vertex x="-0.7658" y="-0.376"/><vertex x="-0.7563" y="-0.3789"/><vertex x="-0.7476" y="-0.3836"/><vertex x="-0.7399" y="-0.3899"/><vertex x="-0.7336" y="-0.3976"/><vertex x="-0.7289" y="-0.4063"/><vertex x="-0.726" y="-0.4158"/><vertex x="-0.725" y="-0.4257"/><vertex x="-0.725" y="-0.6742"/><vertex x="-0.726" y="-0.6841"/><vertex x="-0.7289" y="-0.6937"/><vertex x="-0.7336" y="-0.7024"/><vertex x="-0.7399" y="-0.7101"/><vertex x="-0.7476" y="-0.7164"/><vertex x="-0.7563" y="-0.7211"/><vertex x="-0.7658" y="-0.724"/><vertex x="-0.7757" y="-0.725"/><vertex x="-1.1493" y="-0.725"/><vertex x="-1.1592" y="-0.724"/><vertex x="-1.1687" y="-0.7211"/><vertex x="-1.1774" y="-0.7164"/><vertex x="-1.1851" y="-0.7101"/><vertex x="-1.1914" y="-0.7024"/><vertex x="-1.1961" y="-0.6937"/><vertex x="-1.199" y="-0.6841"/></polygon><polygon width="0.4604" layer="31"><vertex x="-1.2" y="0.4257"/><vertex x="-1.2" y="0.6742"/><vertex x="-1.199" y="0.6841"/><vertex x="-1.1961" y="0.6937"/><vertex x="-1.1914" y="0.7024"/><vertex x="-1.1851" y="0.7101"/><vertex x="-1.1774" y="0.7164"/><vertex x="-1.1687" y="0.7211"/><vertex x="-1.1592" y="0.724"/><vertex x="-1.1493" y="0.725"/><vertex x="-0.7757" y="0.725"/><vertex x="-0.7658" y="0.724"/><vertex x="-0.7563" y="0.7211"/><vertex x="-0.7476" y="0.7164"/><vertex x="-0.7399" y="0.7101"/><vertex x="-0.7336" y="0.7024"/><vertex x="-0.7289" y="0.6937"/><vertex x="-0.726" y="0.6841"/><vertex x="-0.725" y="0.6742"/><vertex x="-0.725" y="0.4257"/><vertex x="-0.726" y="0.4158"/><vertex x="-0.7289" y="0.4063"/><vertex x="-0.7336" y="0.3976"/><vertex x="-0.7399" y="0.3899"/><vertex x="-0.7476" y="0.3836"/><vertex x="-0.7563" y="0.3789"/><vertex x="-0.7658" y="0.376"/><vertex x="-0.7757" y="0.375"/><vertex x="-1.1493" y="0.375"/><vertex x="-1.1592" y="0.376"/><vertex x="-1.1687" y="0.3789"/><vertex x="-1.1774" y="0.3836"/><vertex x="-1.1851" y="0.3899"/><vertex x="-1.1914" y="0.3976"/><vertex x="-1.1961" y="0.4063"/><vertex x="-1.199" y="0.4158"/></polygon><polygon width="0.4604" layer="31"><vertex x="-0.525" y="0.4257"/><vertex x="-0.525" y="0.6742"/><vertex x="-0.524" y="0.6841"/><vertex x="-0.5211" y="0.6937"/><vertex x="-0.5164" y="0.7024"/><vertex x="-0.5101" y="0.7101"/><vertex x="-0.5024" y="0.7164"/><vertex x="-0.4937" y="0.7211"/><vertex x="-0.4842" y="0.724"/><vertex x="-0.4743" y="0.725"/><vertex x="-0.1007" y="0.725"/><vertex x="-0.0908" y="0.724"/><vertex x="-0.0813" y="0.7211"/><vertex x="-0.0726" y="0.7164"/><vertex x="-0.0649" y="0.7101"/><vertex x="-0.0586" y="0.7024"/><vertex x="-0.0539" y="0.6937"/><vertex x="-0.051" y="0.6841"/><vertex x="-0.05" y="0.6742"/><vertex x="-0.05" y="0.4257"/><vertex x="-0.051" y="0.4158"/><vertex x="-0.0539" y="0.4063"/><vertex x="-0.0586" y="0.3976"/><vertex x="-0.0649" y="0.3899"/><vertex x="-0.0726" y="0.3836"/><vertex x="-0.0813" y="0.3789"/><vertex x="-0.0908" y="0.376"/><vertex x="-0.1007" y="0.375"/><vertex x="-0.4743" y="0.375"/><vertex x="-0.4842" y="0.376"/><vertex x="-0.4937" y="0.3789"/><vertex x="-0.5024" y="0.3836"/><vertex x="-0.5101" y="0.3899"/><vertex x="-0.5164" y="0.3976"/><vertex x="-0.5211" y="0.4063"/><vertex x="-0.524" y="0.4158"/></polygon><circle layer="25" width="0.1016" radius="0.2" y="0.6" x="-0.6"/></package><package name="C0805C106K8PACTU"><smd layer="1" dx="1.1176" dy="1.4478" y="0" x="-0.9017" name="1"/><smd layer="1" dx="1.1176" dy="1.4478" y="0" x="0.9017" name="2"/><wire layer="25" width="0" y2="0.7239" x2="-0.3429" y1="-0.7239" x1="-0.3429"/><wire layer="25" width="0" y2="0.7239" x2="-1.1049" y1="0.7239" x1="-0.3429"/><wire layer="25" width="0" y2="-0.7239" x2="-1.1049" y1="0.7239" x1="-1.1049"/><wire layer="25" width="0" y2="-0.7239" x2="-0.3429" y1="-0.7239" x1="-1.1049"/><wire layer="25" width="0" y2="-0.7239" x2="0.3429" y1="0.7239" x1="0.3429"/><wire layer="25" width="0" y2="-0.7239" x2="1.1049" y1="-0.7239" x1="0.3429"/><wire layer="25" width="0" y2="0.7239" x2="1.1049" y1="-0.7239" x1="1.1049"/><wire layer="25" width="0" y2="0.7239" x2="0.3429" y1="0.7239" x1="1.1049"/><wire layer="25" width="0" y2="-0.7239" x2="1.1049" y1="-0.7239" x1="-1.1049"/><wire layer="25" width="0" y2="0.7239" x2="1.1049" y1="-0.7239" x1="1.1049"/><wire layer="25" width="0" y2="0.7239" x2="-1.1049" y1="0.7239" x1="1.1049"/><wire layer="25" width="0" y2="-0.7239" x2="-1.1049" y1="0.7239" x1="-1.1049"/></package><package name="GRM21BR71A106KE51L"><smd layer="1" dx="1.1176" dy="1.4478" y="0" x="-0.9017" name="1"/><smd layer="1" dx="1.1176" dy="1.4478" y="0" x="0.9017" name="2"/><wire layer="25" width="0" y2="0.7239" x2="-0.3429" y1="-0.7239" x1="-0.3429"/><wire layer="25" width="0" y2="0.7239" x2="-1.1049" y1="0.7239" x1="-0.3429"/><wire layer="25" width="0" y2="-0.7239" x2="-1.1049" y1="0.7239" x1="-1.1049"/><wire layer="25" width="0" y2="-0.7239" x2="-0.3429" y1="-0.7239" x1="-1.1049"/><wire layer="25" width="0" y2="-0.7239" x2="0.3429" y1="0.7239" x1="0.3429"/><wire layer="25" width="0" y2="-0.7239" x2="1.1049" y1="-0.7239" x1="0.3429"/><wire layer="25" width="0" y2="0.7239" x2="1.1049" y1="-0.7239" x1="1.1049"/><wire layer="25" width="0" y2="0.7239" x2="0.3429" y1="0.7239" x1="1.1049"/><wire layer="25" width="0" y2="-0.7239" x2="1.1049" y1="-0.7239" x1="-1.1049"/><wire layer="25" width="0" y2="0.7239" x2="1.1049" y1="-0.7239" x1="1.1049"/><wire layer="25" width="0" y2="0.7239" x2="-1.1049" y1="0.7239" x1="1.1049"/><wire layer="25" width="0" y2="-0.7239" x2="-1.1049" y1="0.7239" x1="-1.1049"/></package><package name="CRCW0402732KFKED"><smd layer="1" dx="0.5588" dy="0.6096" y="0" x="-0.4191" name="1"/><smd layer="1" dx="0.5588" dy="0.6096" y="0" x="0.4191" name="2"/><wire layer="25" width="0" y2="0.3048" x2="-0.1397" y1="-0.3048" x1="-0.1397"/><wire layer="25" width="0" y2="0.3048" x2="-0.5461" y1="0.3048" x1="-0.1397"/><wire layer="25" width="0" y2="-0.3048" x2="-0.5461" y1="0.3048" x1="-0.5461"/><wire layer="25" width="0" y2="-0.3048" x2="-0.1397" y1="-0.3048" x1="-0.5461"/><wire layer="25" width="0" y2="-0.3048" x2="0.1397" y1="0.3048" x1="0.1397"/><wire layer="25" width="0" y2="-0.3048" x2="0.5461" y1="-0.3048" x1="0.1397"/><wire layer="25" width="0" y2="0.3048" x2="0.5461" y1="-0.3048" x1="0.5461"/><wire layer="25" width="0" y2="0.3048" x2="0.1397" y1="0.3048" x1="0.5461"/><wire layer="25" width="0" y2="-0.3048" x2="0.5461" y1="-0.3048" x1="-0.5461"/><wire layer="25" width="0" y2="0.3048" x2="0.5461" y1="-0.3048" x1="0.5461"/><wire layer="25" width="0" y2="0.3048" x2="-0.5461" y1="0.3048" x1="0.5461"/><wire layer="25" width="0" y2="-0.3048" x2="-0.5461" y1="0.3048" x1="-0.5461"/></package></packages></library></libraries><designrules name="custom"><param name="layerSetup" value="((1*2)+(15*16))"/></designrules><elements><element rot="R90" y="32.2326" x="57.785" value="" package="0805" library="ultra-librarian" name="Cff"><attribute align="bottom-left" display="value" layer="51" size="1.778" y="30.353" x="54.61" value="Cff" name="RefDes"/><attribute align="bottom-left" display="off" layer="51" size="1.778" y="30.353" x="54.61" value="C0805C475K8PACTU" name="Type"/></element><element rot="SR270" y="36.7538" x="60.4266" value="" package="0805" library="ultra-librarian" name="Cin"><attribute align="bottom-left" display="value" layer="51" size="1.778" y="38.862" x="60.96" value="Cin" name="RefDes"/><attribute align="bottom-left" display="off" layer="51" size="1.778" y="38.862" x="60.96" value="C0805C106K8PACTU" name="Type"/></element><element rot="R90" y="36.6776" x="53.086" value="" package="0805" library="ultra-librarian" name="Cout_1"/><element rot="R90" y="36.6776" x="50.3428" value="" package="0805" library="ultra-librarian" name="Cout_2"/><element rot="SR180" y="65.8876" x="58.547" value="" package="TP-1502" library="ultra-librarian" name="GND"><attribute align="bottom-left" display="value" layer="51" size="1.778" y="68.9864" x="56.3372" value="GND" name="RefDes"/><attribute align="bottom-left" display="off" layer="51" size="1.778" y="68.9864" x="56.3372" value="TP-1502" name="Type"/></element><element rot="SR180" y="65.8876" x="42.2656" value="" package="TP-1502" library="ultra-librarian" name="GND1"><attribute align="bottom-left" display="value" layer="51" size="1.778" y="68.9864" x="40.0812" value="GND1" name="RefDes"/><attribute align="bottom-left" display="off" layer="51" size="1.778" y="68.9864" x="40.0812" value="TP-1502" name="Type"/></element><element rot="SR270" y="44.2468" x="58.3692" value="" package="XFL4020" library="ultra-librarian" name="L1"><attribute align="bottom-left" display="value" layer="51" size="1.778" y="43.942" x="65.659" value="L1" name="RefDes"/><attribute align="bottom-left" display="off" layer="51" size="1.778" y="43.942" x="65.659" value="XFL4020-102MEB" name="Type"/></element><element y="34.3916" x="74.0156" value="" package="TP-1502" library="ultra-librarian" name="MODE"><attribute align="bottom-left" display="value" layer="51" size="1.778" y="34.163" x="76.835" value="MODE" name="RefDes"/><attribute align="bottom-left" display="off" layer="51" size="1.778" y="34.163" x="76.835" value="TP-1502" name="Type"/></element><element rot="SR270" y="32.2326" x="62.4586" value="" package="0402" library="ultra-librarian" name="Rfbb"><attribute align="bottom-left" display="value" layer="51" size="1.778" y="31.75" x="64.008" value="Rfbb" name="RefDes"/><attribute align="bottom-left" display="off" layer="51" size="1.778" y="31.75" x="64.008" value="CRCW0402100KFKED" name="Type"/></element><element rot="R90" y="32.2326" x="60.0456" value="" package="0402" library="ultra-librarian" name="Rfbt"><attribute align="bottom-left" display="value" layer="51" size="1.778" y="29.337" x="58.928" value="Rfbt" name="RefDes"/><attribute align="bottom-left" display="off" layer="51" size="1.778" y="29.337" x="58.928" value="CRCW0402732KFKED" name="Type"/></element><element y="36.83" x="55.88" value="" package="RWU0007A" library="ultra-librarian" name="U1"><attribute align="bottom-left" display="value" layer="51" size="1.778" y="38.1" x="56.896" value="U1" name="RefDes"/><attribute align="bottom-left" display="off" layer="51" size="1.778" y="38.1" x="56.896" value="TPS61022RWUR" name="Type"/></element><element rot="SR180" y="65.8876" x="68.4276" value="" package="TP-1502" library="ultra-librarian" name="VIN"><attribute align="bottom-left" display="value" layer="51" size="1.778" y="68.9864" x="66.2432" value="VIN" name="RefDes"/><attribute align="bottom-left" display="off" layer="51" size="1.778" y="68.9864" x="66.2432" value="TP-1502" name="Type"/></element><element rot="SR180" y="65.786" x="34.3916" value="" package="TP-1502" library="ultra-librarian" name="VOUT"><attribute align="bottom-left" display="value" layer="51" size="1.778" y="68.8594" x="32.2072" value="VOUT" name="RefDes"/><attribute align="bottom-left" display="off" layer="51" size="1.778" y="68.8594" x="32.2072" value="TP-1502" name="Type"/></element></elements><signals><signal name="5"><wire layer="1" width="0.254" y2="34.7472" x2="56.134" y1="34.925" x1="55.9562"/><wire layer="1" width="0.254" y2="31.3944" x2="60.071" y1="31.3944" x1="57.785"/><wire layer="1" width="0.254" y2="31.3944" x2="53.4162" y1="31.75" x1="53.086"/><wire layer="1" width="0.254" y2="31.3944" x2="57.785" y1="31.3944" x1="53.4162"/><wire layer="1" width="0.254" y2="36.2966" x2="55.2704" y1="36.2966" x1="53.5686"/><wire layer="1" width="0.254" y2="35.0012" x2="53.086" y1="31.75" x1="53.086"/><wire layer="1" width="0.254" y2="36.2966" x2="53.5686" y1="35.814" x1="53.086"/><wire layer="1" width="0.254" y2="35.814" x2="53.086" y1="35.0012" x1="53.086"/><wire layer="1" width="0.254" y2="35.0012" x2="53.086" y1="35.0012" x1="35.4584"/><wire layer="1" width="0.254" y2="65.913" x2="34.417" y1="65.786" x1="34.417"/><wire layer="1" width="0.254" y2="65.786" x2="34.417" y1="36.068" x1="34.417"/><wire layer="1" width="0.254" y2="35.0012" x2="35.4584" y1="36.068" x1="34.417"/><wire layer="1" width="0.254" y2="31.8516" x2="57.7723" y1="30.9118" x1="57.7723"/><wire layer="1" width="0.254" y2="31.8516" x2="60.0583" y1="30.9118" x1="60.0583"/><polygon spacing="0.254" layer="1" width="0" rank="3"><vertex y="36.576" x="39.37"/><vertex y="68.58" x="39.37"/><vertex y="68.58" x="30.48"/><vertex y="27.94" x="30.48"/><vertex y="27.94" x="56.515"/><vertex y="36.576" x="56.515"/></polygon><wire layer="16" width="0.254" y2="31.75" x2="61.4426" y1="31.75" x1="56.134"/><wire layer="16" width="0.254" y2="31.75" x2="56.134" y1="32.004" x1="55.88"/><polygon spacing="0.254" layer="16" width="0" rank="2"><vertex y="27.94" x="64.389"/><vertex y="36.576" x="64.389"/><vertex y="36.576" x="39.37"/><vertex y="68.58" x="39.37"/><vertex y="68.58" x="30.48"/><vertex y="27.94" x="30.48"/></polygon><polygon spacing="0.254" layer="3" width="0"><vertex y="36.576" x="56.515"/><vertex y="36.576" x="46.99"/><vertex y="27.94" x="46.99"/><vertex y="27.94" x="56.515"/></polygon><polygon spacing="0.254" layer="2" width="0"><vertex y="27.94" x="46.99"/><vertex y="36.576" x="46.99"/><vertex y="36.576" x="56.515"/><vertex y="27.94" x="56.515"/></polygon><via shape="round" drill="0.4064" diameter="0.762" extent="1-16" y="32.004" x="55.88"/><via shape="round" drill="0.4064" diameter="0.762" extent="1-16" y="33.9344" x="55.8546"/><via shape="round" drill="0.4064" diameter="0.762" extent="1-16" y="32.004" x="53.848"/><via shape="round" drill="0.4064" diameter="0.762" extent="1-16" y="31.7754" x="51.562"/><via shape="round" drill="0.4064" diameter="0.762" extent="1-16" y="31.8008" x="49.4538"/><via shape="round" drill="0.4064" diameter="0.762" extent="1-16" y="33.9598" x="53.8734"/><via shape="round" drill="0.4064" diameter="0.762" extent="1-16" y="32.9692" x="55.9054"/><via shape="round" drill="0.4064" diameter="0.762" extent="1-16" y="32.9438" x="51.5366"/><via shape="round" drill="0.4064" diameter="0.762" extent="1-16" y="32.9692" x="49.4284"/><via shape="round" drill="0.4064" diameter="0.762" extent="1-16" y="32.9946" x="53.8988"/><via shape="round" drill="0.4064" diameter="0.762" extent="1-16" y="32.004" x="54.864"/><via shape="round" drill="0.4064" diameter="0.762" extent="1-16" y="33.9598" x="54.864"/><via shape="round" drill="0.4064" diameter="0.762" extent="1-16" y="32.766" x="52.451"/><via shape="round" drill="0.4064" diameter="0.762" extent="1-16" y="31.75" x="52.451"/><via shape="round" drill="0.4064" diameter="0.762" extent="1-16" y="31.7754" x="50.4698"/><via shape="round" drill="0.4064" diameter="0.762" extent="1-16" y="31.8008" x="48.4632"/><via shape="round" drill="0.4064" diameter="0.762" extent="1-16" y="32.9438" x="50.4444"/><via shape="round" drill="0.4064" diameter="0.762" extent="1-16" y="32.9692" x="48.4378"/><via shape="round" drill="0.4064" diameter="0.762" extent="1-16" y="32.9946" x="54.8894"/><via shape="round" drill="0.254" diameter="0.508" extent="1-16" y="35.6362" x="56.0832"/><via shape="round" drill="0.254" diameter="0.508" extent="1-16" y="34.8488" x="56.0832"/><via shape="round" drill="2.4892" diameter="3.4798" extent="1-16" y="65.786" x="34.417"/><contactref pad="1" element="Cff"/><contactref pad="1" element="Cout_1"/><contactref pad="1" element="Cout_2"/><contactref pad="1" element="Rfbt"/><contactref pad="3" element="U1"/><contactref pad="1" element="VOUT"/></signal><signal name="8"><wire layer="1" width="0.254" y2="34.417" x2="74.041" y1="34.417" x1="59.055"/><wire layer="1" width="0.254" y2="36.703" x2="58.674" y1="37.084" x1="58.2676"/><wire layer="1" width="0.254" y2="37.084" x2="58.2676" y1="37.084" x1="56.8706"/><wire layer="1" width="0.254" y2="36.703" x2="58.674" y1="34.798" x1="58.674"/><wire layer="1" width="0.254" y2="34.417" x2="59.055" y1="34.798" x1="58.674"/><via shape="round" drill="0.254" diameter="0.508" extent="1-16" y="36.703" x="58.674"/><via shape="round" drill="2.4892" diameter="3.4798" extent="1-16" y="34.417" x="74.041"/><contactref pad="1" element="MODE"/><contactref pad="6" element="U1"/></signal><signal name="2"><wire layer="1" width="0.254" y2="37.592" x2="61.976" y1="37.592" x1="60.4774"/><wire layer="1" width="0.254" y2="37.592" x2="65.913" y1="37.592" x1="61.976"/><wire layer="1" width="0.254" y2="36.068" x2="67.437" y1="37.592" x1="65.913"/><wire layer="1" width="0.254" y2="36.195" x2="58.039" y1="36.6014" x1="57.6072"/><wire layer="1" width="0.254" y2="37.592" x2="60.452" y1="37.592" x1="56.8706"/><wire layer="1" width="0.254" y2="44.704" x2="68.326" y1="40.005" x1="68.326"/><wire layer="1" width="0.254" y2="44.704" x2="68.326" y1="46.6598" x1="66.3448"/><wire layer="1" width="0.254" y2="36.6014" x2="57.6072" y1="36.6014" x1="56.8706"/><wire layer="1" width="0.254" y2="46.6598" x2="66.3448" y1="46.6598" x1="60.579"/><wire layer="1" width="0.254" y2="40.005" x2="68.326" y1="37.592" x1="65.913"/><wire layer="1" width="0.254" y2="65.913" x2="68.453" y1="48.768" x1="68.453"/><wire layer="1" width="0.254" y2="48.768" x2="68.453" y1="46.6598" x1="66.3448"/><polygon spacing="0.254" layer="1" width="0" rank="3"><vertex y="38.608" x="65.151"/><vertex y="38.608" x="59.309"/><vertex y="36.83" x="59.309"/><vertex y="36.83" x="65.151"/><vertex y="35.56" x="65.151"/><vertex y="35.56" x="69.723"/><vertex y="44.831" x="69.723"/><vertex y="44.831" x="78.74"/><vertex y="68.58" x="78.74"/><vertex y="68.58" x="63.754"/><vertex y="59.436" x="63.754"/><vertex y="59.436" x="56.134"/><vertex y="44.831" x="56.134"/><vertex y="44.831" x="65.151"/></polygon><wire layer="16" width="0.254" y2="37.592" x2="61.976" y1="37.084" x1="61.976"/><wire layer="16" width="0.254" y2="36.1696" x2="58.0644" y1="36.195" x1="58.039"/><wire layer="16" width="0.254" y2="37.084" x2="61.976" y1="36.449" x1="61.341"/><wire layer="16" width="0.254" y2="36.1696" x2="59.1566" y1="36.1696" x1="58.0644"/><wire layer="16" width="0.254" y2="36.449" x2="59.436" y1="36.1696" x1="59.1566"/><wire layer="16" width="0.254" y2="36.449" x2="61.341" y1="36.449" x1="59.436"/><wire layer="16" width="0.254" y2="36.068" x2="67.437" y1="35.052" x1="67.437"/><wire layer="16" width="0.254" y2="34.3916" x2="68.072" y1="31.75" x1="68.072"/><wire layer="16" width="0.254" y2="34.3916" x2="68.072" y1="35.052" x1="67.437"/><polygon spacing="0.254" layer="16" width="0" rank="2"><vertex y="36.449" x="65.151"/><vertex y="36.449" x="72.136"/><vertex y="27.94" x="72.136"/><vertex y="27.94" x="65.151"/></polygon><via shape="round" drill="0.2032" diameter="0.508" extent="1-16" y="36.068" x="66.04"/><via shape="round" drill="0.254" diameter="0.508" extent="1-16" y="37.592" x="61.976"/><via shape="round" drill="0.2032" diameter="0.508" extent="1-16" y="36.068" x="68.834"/><via shape="round" drill="0.2032" diameter="0.508" extent="1-16" y="36.068" x="67.437"/><via shape="round" drill="0.254" diameter="0.508" extent="1-16" y="36.195" x="58.039"/><via shape="round" drill="2.4892" diameter="3.4798" extent="1-16" y="65.913" x="68.453"/><contactref pad="1" element="Cin"/><contactref pad="1" element="L1"/><contactref pad="5" element="U1"/><contactref pad="7" element="U1"/><contactref pad="1" element="VIN"/></signal><signal name="3"><wire layer="1" width="0.254" y2="33.0962" x2="60.071" y1="33.0962" x1="57.785"/><wire layer="1" width="0.254" y2="33.0962" x2="62.484" y1="33.0962" x1="62.484"/><wire layer="1" width="0.254" y2="33.0962" x2="62.484" y1="33.0962" x1="60.071"/><wire layer="1" width="0.254" y2="36.0934" x2="57.2262" y1="36.0934" x1="56.8706"/><wire layer="1" width="0.254" y2="35.56" x2="57.785" y1="36.0934" x1="57.2262"/><wire layer="1" width="0.254" y2="35.56" x2="57.785" y1="33.0962" x1="57.785"/><wire layer="1" width="0.254" y2="33.5534" x2="57.7723" y1="32.6136" x1="57.7723"/><wire layer="1" width="0.254" y2="33.5534" x2="60.0583" y1="32.6136" x1="60.0583"/><wire layer="1" width="0.254" y2="33.5534" x2="62.4713" y1="32.6136" x1="62.4713"/><contactref pad="2" element="Cff"/><contactref pad="1" element="Rfbb"/><contactref pad="2" element="Rfbt"/><contactref pad="4" element="U1"/></signal><signal name="12"><wire layer="1" width="0.254" y2="36.8554" x2="56.0324" y1="36.8554" x1="55.4228"/><wire layer="1" width="0.254" y2="37.084" x2="56.261" y1="36.8554" x1="56.0324"/><wire layer="1" width="0.254" y2="41.402" x2="56.261" y1="37.084" x1="56.261"/><wire layer="1" width="0.254" y2="41.9608" x2="56.8198" y1="41.402" x1="56.261"/><wire layer="1" width="0.254" y2="41.9608" x2="60.579" y1="41.9608" x1="56.8198"/><polygon spacing="0.254" layer="1" width="0" rank="4"><vertex y="43.688" x="64.643"/><vertex y="39.243" x="64.643"/><vertex y="39.243" x="58.928"/><vertex y="37.973" x="58.928"/><vertex y="37.973" x="56.134"/><vertex y="43.688" x="56.134"/></polygon><contactref pad="2" element="L1"/><contactref pad="2" element="U1"/></signal><signal name="0"><wire layer="1" width="0.254" y2="60.452" x2="53.086" y1="38.3794" x1="53.086"/><wire layer="1" width="0.254" y2="37.3888" x2="55.2704" y1="37.3888" x1="53.6448"/><wire layer="1" width="0.254" y2="37.3888" x2="53.6448" y1="37.973" x1="53.086"/><wire layer="1" width="0.254" y2="38.3794" x2="53.086" y1="37.973" x1="53.086"/><wire layer="1" width="0.254" y2="65.913" x2="58.547" y1="65.913" x1="42.291"/><wire layer="1" width="0.254" y2="65.913" x2="58.547" y1="60.452" x1="53.086"/><wire layer="1" width="0.254" y2="29.972" x2="62.484" y1="29.083" x1="61.595"/><wire layer="1" width="0.254" y2="29.083" x2="61.595" y1="29.083" x1="59.69"/><wire layer="1" width="0.254" y2="31.3944" x2="62.484" y1="29.972" x1="62.484"/><wire layer="1" width="0.254" y2="35.9664" x2="64.0842" y1="35.9664" x1="60.452"/><wire layer="1" width="0.254" y2="31.8516" x2="62.4713" y1="30.9118" x1="62.4713"/><polygon spacing="0.254" layer="1" width="0" rank="6"><vertex y="37.211" x="54.229"/><vertex y="36.83" x="54.229"/><vertex y="36.83" x="39.624"/><vertex y="68.58" x="39.624"/><vertex y="68.58" x="63.5"/><vertex y="59.69" x="63.5"/><vertex y="59.69" x="55.88"/><vertex y="37.211" x="55.88"/></polygon><polygon spacing="0.254" layer="1" width="0" rank="6"><vertex y="34.798" x="59.309"/><vertex y="36.576" x="59.309"/><vertex y="36.576" x="64.389"/><vertex y="34.798" x="64.389"/></polygon><polygon spacing="0.254" layer="16" width="0" rank="5"><vertex y="36.83" x="78.74"/><vertex y="36.83" x="39.624"/><vertex y="68.58" x="39.624"/><vertex y="68.58" x="78.74"/></polygon><polygon spacing="0.254" layer="3" width="0" rank="4"><vertex y="27.94" x="56.769"/><vertex y="36.83" x="56.769"/><vertex y="36.83" x="46.736"/><vertex y="27.94" x="46.736"/><vertex y="27.94" x="30.48"/><vertex y="68.58" x="30.48"/><vertex y="68.58" x="78.74"/><vertex y="27.94" x="78.74"/></polygon><polygon spacing="0.254" layer="2" width="0" rank="5"><vertex y="27.94" x="56.769"/><vertex y="36.83" x="56.769"/><vertex y="36.83" x="46.736"/><vertex y="27.94" x="46.736"/><vertex y="27.94" x="30.48"/><vertex y="68.58" x="30.48"/><vertex y="68.58" x="78.74"/><vertex y="27.94" x="78.74"/></polygon><via shape="round" drill="0.254" diameter="0.508" extent="1-16" y="35.9664" x="64.0842"/><via shape="round" drill="0.254" diameter="0.508" extent="1-16" y="37.973" x="55.499"/><via shape="round" drill="0.4064" diameter="0.8128" extent="1-16" y="39.751" x="49.403"/><via shape="round" drill="0.4064" diameter="0.8128" extent="1-16" y="39.751" x="53.848"/><via shape="round" drill="0.4064" diameter="0.8128" extent="1-16" y="39.751" x="47.4218"/><via shape="round" drill="0.4064" diameter="0.8128" extent="1-16" y="39.751" x="51.435"/><via shape="round" drill="0.4064" diameter="0.8128" extent="1-16" y="39.751" x="43.8404"/><via shape="round" drill="0.254" diameter="0.508" extent="1-16" y="38.608" x="55.499"/><via shape="round" drill="0.4064" diameter="0.8128" extent="1-16" y="40.7416" x="47.3964"/><via shape="round" drill="0.4064" diameter="0.8128" extent="1-16" y="40.7416" x="51.435"/><via shape="round" drill="0.4064" diameter="0.8128" extent="1-16" y="40.767" x="53.848"/><via shape="round" drill="0.4064" diameter="0.8128" extent="1-16" y="40.767" x="49.276"/><via shape="round" drill="0.4064" diameter="0.8128" extent="1-16" y="40.767" x="43.815"/><via shape="round" drill="0.254" diameter="0.508" extent="1-16" y="37.973" x="54.864"/><via shape="round" drill="0.4064" diameter="0.8128" extent="1-16" y="39.751" x="50.419"/><via shape="round" drill="0.4064" diameter="0.8128" extent="1-16" y="39.751" x="48.387"/><via shape="round" drill="0.4064" diameter="0.8128" extent="1-16" y="39.751" x="46.2534"/><via shape="round" drill="0.4064" diameter="0.8128" extent="1-16" y="39.751" x="52.451"/><via shape="round" drill="0.4064" diameter="0.8128" extent="1-16" y="39.751" x="44.9834"/><via shape="round" drill="0.254" diameter="0.508" extent="1-16" y="38.608" x="54.864"/><via shape="round" drill="0.4064" diameter="0.8128" extent="1-16" y="40.7416" x="45.0088"/><via shape="round" drill="0.4064" diameter="0.8128" extent="1-16" y="40.7416" x="46.1772"/><via shape="round" drill="0.4064" diameter="0.8128" extent="1-16" y="40.767" x="48.387"/><via shape="round" drill="0.4064" diameter="0.8128" extent="1-16" y="40.7416" x="52.451"/><via shape="round" drill="0.4064" diameter="0.8128" extent="1-16" y="40.7416" x="50.419"/><via shape="round" drill="0.2032" diameter="0.508" extent="1-16" y="29.083" x="59.69"/><via shape="round" drill="2.4892" diameter="3.4798" extent="1-16" y="65.913" x="42.291"/><via shape="round" drill="2.4892" diameter="3.4798" extent="1-16" y="65.913" x="58.547"/><contactref pad="2" element="Cin"/><contactref pad="2" element="Cout_1"/><contactref pad="2" element="Cout_2"/><contactref pad="1" element="GND"/><contactref pad="1" element="GND1"/><contactref pad="2" element="Rfbb"/><contactref pad="1" element="U1"/></signal></signals></board></drawing></eagle>
