<eagle version="6.1"><drawing><settings><setting alwaysvectorfont="no" verticaltext="up"/></settings><grid distance="0.1" unitdist="inch" unit="inch" style="lines" multiple="1" display="no" altdistance="0.01" altunitdist="inch" altunit="inch"/><layers><layer number="91" name="Nets" color="2" fill="1" visible="yes" active="yes"/><layer number="92" name="Busses" color="1" fill="1" visible="yes" active="yes"/><layer number="93" name="Pins" color="2" fill="1" visible="no" active="yes"/><layer number="94" name="Symbols" color="4" fill="1" visible="yes" active="yes"/><layer number="95" name="Names" color="7" fill="1" visible="yes" active="yes"/><layer number="96" name="Values" color="7" fill="1" visible="yes" active="yes"/><layer number="97" name="Info" color="7" fill="1" visible="yes" active="yes"/><layer number="98" name="Guide" color="6" fill="1" visible="yes" active="yes"/></layers><schematic><libraries><library name="AcceleratedDesigns_Lib"><packages><package name="0805"><pad name="1" drill="0" y="0" x="-0.9017"/><pad name="2" drill="0" y="0" x="0.9017"/></package><package name="0402"><pad name="1" drill="0" y="0" x="-0.4191"/><pad name="2" drill="0" y="0" x="0.4191"/></package><package name="RWU0007A"><pad name="1" drill="0" y="0.55" x="-0.625"/><pad name="2" drill="0" y="0" x="-0.475"/><pad name="3" drill="0" y="-0.55" x="-0.625"/><pad name="4" drill="0" y="-0.75" x="0.975"/><pad name="5" drill="0" y="-0.25" x="0.975"/><pad name="6" drill="0" y="0.25" x="0.975"/><pad name="7" drill="0" y="0.75" x="0.975"/></package><package name="XFL4020"><pad name="1" drill="0" y="0" x="-1.1811"/><pad name="2" drill="0" y="0" x="1.1811"/></package><package name="WB_LOAD_RESISTOR"><pad name="1" drill="0" y="0" x="0"/><pad name="2" drill="0" y="0" x="0"/></package><package name="WB_GND"><pad name="1" drill="0" y="0" x="0"/></package><package name="WB_BATTERY"><pad name="1" drill="0" y="0" x="0"/><pad name="2" drill="0" y="0" x="0"/></package><package name="WB_PWL_CURRENT_LOAD"><pad name="1" drill="0" y="0" x="0"/><pad name="2" drill="0" y="0" x="0"/></package></packages><symbols><symbol name="WB_LOAD_RESISTOR@1"><pin name="1@1" x="7.62" y="0" rot="MR0" direction="pas" length="short" visible="off" swaplevel="0"/><pin name="2@2" x="-7.62" y="0" rot="MR180" direction="pas" length="short" visible="off" swaplevel="0"/><wire x1="7.62" y1="0" x2="5.08" y2="0" width="0.1524" layer="94"/><wire x1="5.08" y1="0" x2="3.81" y2="1.524" width="0.1524" layer="94"/><wire x1="3.81" y1="1.524" x2="1.905" y2="-1.524" width="0.1524" layer="94"/><wire x1="1.905" y1="-1.524" x2="0" y2="1.524" width="0.1524" layer="94"/><wire x1="0" y1="1.524" x2="-1.905" y2="-1.524" width="0.1524" layer="94"/><wire x1="-1.905" y1="-1.524" x2="-3.81" y2="1.524" width="0.1524" layer="94"/><wire x1="-3.81" y1="1.524" x2="-5.08" y2="0" width="0.1524" layer="94"/><wire x1="-5.08" y1="0" x2="-7.62" y2="0" width="0.1524" layer="94"/><text size="2" x="0" y="5.08" layer="95" align="center">&gt;NAME</text><text size="2" x="0" y="3.175" layer="96" align="center">&gt;VALUE</text></symbol><symbol name="CRCW0402732KFKED@1"><pin name="1@1" x="7.62" y="0" rot="MR0" direction="pas" length="short" visible="off" swaplevel="0"/><pin name="2@2" x="-7.62" y="0" rot="MR180" direction="pas" length="short" visible="off" swaplevel="0"/><wire x1="7.62" y1="0" x2="5.08" y2="0" width="0.1524" layer="94"/><wire x1="5.08" y1="0" x2="3.81" y2="1.524" width="0.1524" layer="94"/><wire x1="3.81" y1="1.524" x2="1.905" y2="-1.524" width="0.1524" layer="94"/><wire x1="1.905" y1="-1.524" x2="0" y2="1.524" width="0.1524" layer="94"/><wire x1="0" y1="1.524" x2="-1.905" y2="-1.524" width="0.1524" layer="94"/><wire x1="-1.905" y1="-1.524" x2="-3.81" y2="1.524" width="0.1524" layer="94"/><wire x1="-3.81" y1="1.524" x2="-5.08" y2="0" width="0.1524" layer="94"/><wire x1="-5.08" y1="0" x2="-7.62" y2="0" width="0.1524" layer="94"/><text size="2" x="0" y="5.715" layer="95" align="center">&gt;NAME</text><text size="2" x="0" y="3.175" layer="96" align="center">&gt;VALUE</text></symbol><symbol name="TPS61022RWUR@1"><wire x1="-12.7" y1="-17.78" x2="12.7" y2="-17.78" width="0.2032" layer="94"/><wire x1="12.7" y1="-17.78" x2="12.7" y2="17.78" width="0.2032" layer="94"/><wire x1="12.7" y1="17.78" x2="-12.7" y2="17.78" width="0.2032" layer="94"/><wire x1="-12.7" y1="17.78" x2="-12.7" y2="-17.78" width="0.2032" layer="94"/><pin name="GND@1" x="17.78" y="-12.7" rot="MR0" direction="pwr" length="middle" visible="both" swaplevel="0"/><pin name="SW@2" x="17.78" y="12.7" rot="MR0" direction="pwr" length="middle" visible="both" swaplevel="0"/><pin name="VOUT@3" x="17.78" y="5.08" rot="MR0" direction="pwr" length="middle" visible="both" swaplevel="0"/><pin name="FB@4" x="17.78" y="-7.62" rot="MR0" direction="in" length="middle" visible="both" swaplevel="0"/><pin name="EN@5" x="-17.78" y="2.54" rot="MR180" direction="in" length="middle" visible="both" swaplevel="0"/><pin name="MODE@6" x="-17.78" y="-7.62" rot="MR180" direction="in" length="middle" visible="both" swaplevel="0"/><pin name="VIN@7" x="-17.78" y="12.7" rot="MR180" direction="pwr" length="middle" visible="both" swaplevel="0"/><text size="2" x="0" y="2.54" layer="95" align="center">&gt;NAME</text><text size="2" x="0" y="0" layer="96" align="center">&gt;VALUE</text><text size="2" x="0" y="0" layer="96" align="center">&gt;VALUE</text></symbol><symbol name="C0805C106K8PACTU@1"><pin name="1@1" x="7.62" y="0" rot="MR0" direction="pas" length="short" visible="off" swaplevel="0"/><pin name="2@2" x="-7.62" y="0" rot="MR180" direction="pas" length="short" visible="off" swaplevel="0"/><wire x1="7.62" y1="0" x2="5.08" y2="0" width="0.1524" layer="94"/><wire x1="-7.62" y1="0" x2="-5.08" y2="0" width="0.1524" layer="94"/><wire x1="0.762" y1="-3.048" x2="0.762" y2="3.048" width="0.1524" layer="94"/><wire x1="-5.08" y1="0" x2="-0.762" y2="0" width="0.1524" layer="94"/><wire x1="0.762" y1="0" x2="5.08" y2="0" width="0.1524" layer="94"/><wire x1="-0.762" y1="-3.048" x2="-0.762" y2="3.048" width="0.1524" layer="94"/><text size="2" x="0" y="7.62" layer="95" align="center">&gt;NAME</text><text size="2" x="0" y="5.08" layer="96" align="center">&gt;VALUE</text></symbol><symbol name="WB_GND@1"><pin name="1@1" x="0" y="2.54" rot="MR270" direction="pas" length="short" visible="off" swaplevel="0"/><wire x1="0" y1="2.54" x2="0" y2="0" width="0.1524" layer="94"/><wire x1="-3.302" y1="0" x2="3.302" y2="0" width="0.1524" layer="94"/><wire x1="-2.286" y1="-1.016" x2="2.286" y2="-1.016" width="0.1524" layer="94"/><wire x1="-0.762" y1="-2.032" x2="0.762" y2="-2.032" width="0.1524" layer="94"/></symbol><symbol name="CRCW0402100KFKED@1"><pin name="1@1" x="7.62" y="0" rot="MR0" direction="pas" length="short" visible="off" swaplevel="0"/><pin name="2@2" x="-7.62" y="0" rot="MR180" direction="pas" length="short" visible="off" swaplevel="0"/><wire x1="7.62" y1="0" x2="5.08" y2="0" width="0.1524" layer="94"/><wire x1="5.08" y1="0" x2="3.81" y2="1.524" width="0.1524" layer="94"/><wire x1="3.81" y1="1.524" x2="1.905" y2="-1.524" width="0.1524" layer="94"/><wire x1="1.905" y1="-1.524" x2="0" y2="1.524" width="0.1524" layer="94"/><wire x1="0" y1="1.524" x2="-1.905" y2="-1.524" width="0.1524" layer="94"/><wire x1="-1.905" y1="-1.524" x2="-3.81" y2="1.524" width="0.1524" layer="94"/><wire x1="-3.81" y1="1.524" x2="-5.08" y2="0" width="0.1524" layer="94"/><wire x1="-5.08" y1="0" x2="-7.62" y2="0" width="0.1524" layer="94"/><text size="2" x="0" y="5.715" layer="95" align="center">&gt;NAME</text><text size="2" x="0" y="3.175" layer="96" align="center">&gt;VALUE</text></symbol><symbol name="XFL4020-102MEB@1"><pin name="2@2" x="7.62" y="0" rot="MR0" direction="pas" length="short" visible="off" swaplevel="0"/><pin name="1@1" x="-7.62" y="0" rot="MR180" direction="pas" length="short" visible="off" swaplevel="0"/><wire cap="round" x1="2.70086965376353" y1="0.835686125023295" x2="2.5488127292636" y2="-6.24799789495706E-04" layer="94" curve="12.47546" width="0.1524"/><wire cap="round" x1="3.80990829544782" y1="1.85597139451402" x2="2.69064524918793" y2="0.838459388755286" layer="94" curve="78.62357" width="0.1524"/><wire cap="round" x1="4.90450120907934" y1="0.838494459997258" x2="3.81012877640754" y2="1.85651641360845" layer="94" curve="79.52696" width="0.1524"/><wire cap="round" x1="5.08194212297714" y1="7.65933497371016E-02" x2="4.90412159312222" y2="0.838683789637753" layer="94" curve="2.683002" width="0.1524"/><wire x1="5.08" y1="7.32740090825246E-14" x2="7.62" y2="8.71708039085205E-14" width="0.1524" layer="94"/><wire cap="round" x1="0.160869647012591" y1="0.835686120495971" x2="8.81272251266148E-03" y2="-6.24804316819648E-04" layer="94" curve="12.47546" width="0.1524"/><wire cap="round" x1="1.26990852880952" y1="1.85597126998469" x2="0.150645552335143" y2="0.838459735984588" layer="94" curve="78.62355" width="0.1524"/><wire cap="round" x1="2.36450120579728" y1="0.838494428025542" x2="1.27012877312548" y2="1.85651638163673" layer="94" curve="79.52696" width="0.1524"/><wire cap="round" x1="2.53556331240561" y1="-0.177885354456139" x2="2.35799865867502" y2="0.83677165558159" layer="94" curve="17.67289" width="0.1524"/><wire cap="round" x1="-2.37913022471952" y1="0.835686100537919" x2="-2.53118714921945" y2="-6.24824274872179E-04" layer="94" curve="12.47546" width="0.1524"/><wire cap="round" x1="-1.27009153439261" y1="1.85597127646014" x2="-2.38935453412885" y2="0.838459585207164" layer="94" curve="78.62356" width="0.1524"/><wire cap="round" x1="-0.17549876466415" y1="0.838494473537584" x2="-1.26987119733595" y2="1.85651642714878" layer="94" curve="79.52696" width="0.1524"/><wire cap="round" x1="-4.43666361586885E-03" y1="-0.177885358125391" x2="-0.182001317346461" y2="0.836771651912338" layer="94" curve="17.67289" width="0.1524"/><wire x1="-7.62" y1="1.31748834064638E-14" x2="-5.08" y2="1.3716316971113E-14" width="0.1524" layer="94"/><wire cap="round" x1="-4.91913036648931" y1="0.835686111441321" x2="-5.07118729098924" y2="-6.2481337147006E-04" layer="94" curve="12.47546" width="0.1524"/><wire cap="round" x1="-3.81009141933233" y1="1.85597124231149" x2="-4.9293543958067" y2="0.838459708311387" layer="94" curve="78.62355" width="0.1524"/><wire cap="round" x1="-2.71549867276639" y1="0.838494472482158" x2="-3.80987126078252" y2="1.85651643468738" layer="94" curve="79.52697" width="0.1524"/><wire cap="round" x1="-2.54443665882017" y1="-0.177885354014588" x2="-2.72200131255076" y2="0.836771656023141" layer="94" curve="17.67289" width="0.1524"/><wire cap="round" x1="-2.54499763137906" y1="2.51755460236626E-03" x2="-2.54499765572502" y2="-0.180317541662839" layer="94" curve="53.47319" width="0.1524"/><wire cap="round" x1="-4.99761237348031E-03" y1="2.51757271580121E-03" x2="-4.9976367194459E-03" y2="-0.180317523549404" layer="94" curve="53.47319" width="0.1524"/><wire cap="round" x1="2.53500243197289" y1="2.51757460827418E-03" x2="2.53500238936746" y2="-0.180317485409697" layer="94" curve="53.47318" width="0.1524"/><text size="2" x="0" y="5.715" layer="95" align="center">&gt;NAME</text><text size="2" x="0" y="3.175" layer="96" align="center">&gt;VALUE</text></symbol><symbol name="WB_BATTERY@1"><pin name="+@1" x="-7.62" y="0" rot="MR180" direction="pas" length="short" visible="off" swaplevel="0"/><pin name="-@2" x="7.62" y="0" rot="MR0" direction="pas" length="short" visible="off" swaplevel="0"/><wire x1="-2.032" y1="0" x2="-7.62" y2="0" width="0.1524" layer="94"/><wire x1="-1.778" y1="-3.048" x2="-1.778" y2="3.048" width="0.1524" layer="94"/><wire x1="1.016" y1="-3.048" x2="1.016" y2="3.048" width="0.1524" layer="94"/><wire x1="7.62" y1="0" x2="2.794" y2="0" width="0.1524" layer="94"/><wire x1="-0.508" y1="-1.27" x2="-0.508" y2="1.27" width="0.1524" layer="94"/><wire x1="-0.254" y1="-1.27" x2="-0.254" y2="1.27" width="0.1524" layer="94"/><wire x1="-3.556" y1="2.286" x2="-3.556" y2="3.81" width="0.1524" layer="94"/><wire x1="-2.794" y1="3.048" x2="-4.318" y2="3.048" width="0.1524" layer="94"/><wire x1="3.302" y1="2.54" x2="3.302" y2="3.81" width="0.1524" layer="94"/><wire x1="2.54" y1="-1.27" x2="2.54" y2="1.27" width="0.1524" layer="94"/><wire x1="2.286" y1="-1.27" x2="2.286" y2="1.27" width="0.1524" layer="94"/><text size="2" x="0" y="5.08" layer="95" align="center">&gt;NAME</text></symbol><symbol name="WB_PWL_CURRENT_LOAD@1"><pin name="+@1" x="-7.62" y="0" rot="MR180" direction="pas" length="short" visible="off" swaplevel="0"/><pin name="-@2" x="7.62" y="0" rot="MR0" direction="pas" length="short" visible="off" swaplevel="0"/><wire x1="-7.62" y1="0" x2="-5.08" y2="0" width="0.1524" layer="94"/><wire x1="7.62" y1="0" x2="5.08" y2="0" width="0.1524" layer="94"/><wire x1="-1.778" y1="-1.524" x2="1.016" y2="-2.032" width="0.1524" layer="94"/><wire x1="-1.778" y1="1.524" x2="1.016" y2="2.032" width="0.1524" layer="94"/><wire x1="-5.08" y1="0" x2="-3.81" y2="0" width="0.1524" layer="94"/><wire x1="5.08" y1="0" x2="3.81" y2="0" width="0.1524" layer="94"/><wire x1="-1.778" y1="1.524" x2="-1.778" y2="-1.524" width="0.1524" layer="94"/><wire x1="1.016" y1="2.032" x2="1.016" y2="2.794" width="0.1524" layer="94"/><wire x1="1.016" y1="-2.032" x2="1.016" y2="-2.794" width="0.1524" layer="94"/><wire x1="5.842" y1="3.302" x2="5.842" y2="1.778" width="0.1524" layer="94"/><wire x1="-5.842" y1="3.302" x2="-5.842" y2="1.778" width="0.1524" layer="94"/><wire x1="-6.604" y1="2.54" x2="-5.08" y2="2.54" width="0.1524" layer="94"/><text size="2" x="0" y="6.35" layer="95" align="center">&gt;NAME</text><text size="2" x="0" y="4.445" layer="96" align="center">&gt;VALUE</text></symbol><symbol name="GRM21BR71A106KE51L@1"><pin name="1@1" x="7.62" y="0" rot="MR0" direction="pas" length="short" visible="off" swaplevel="0"/><pin name="2@2" x="-7.62" y="0" rot="MR180" direction="pas" length="short" visible="off" swaplevel="0"/><wire x1="7.62" y1="0" x2="5.08" y2="0" width="0.1524" layer="94"/><wire x1="-7.62" y1="0" x2="-5.08" y2="0" width="0.1524" layer="94"/><wire x1="0.762" y1="-3.048" x2="0.762" y2="3.048" width="0.1524" layer="94"/><wire x1="-5.08" y1="0" x2="-0.762" y2="0" width="0.1524" layer="94"/><wire x1="0.762" y1="0" x2="5.08" y2="0" width="0.1524" layer="94"/><wire x1="-0.762" y1="-3.048" x2="-0.762" y2="3.048" width="0.1524" layer="94"/><text size="2" x="0" y="7.62" layer="95" align="center">&gt;NAME</text><text size="2" x="0" y="5.08" layer="96" align="center">&gt;VALUE</text></symbol></symbols><devicesets><deviceset name="WB_LOAD_RESISTOR" prefix=""><gates><gate name="1" addlevel="always" y="0" x="0" symbol="WB_LOAD_RESISTOR@1"/></gates><devices><device name="WB_LOAD_RESISTOR" package="WB_LOAD_RESISTOR"><connects><connect pad="1" pin="1@1" gate="1"/><connect pad="2" pin="2@2" gate="1"/></connects><technologies><technology name=""><attribute name="Value" value="Value" constant="no"/><attribute name="Manufacturer_Part_Number" value="WB_LOAD_RESISTOR" constant="no"/><attribute name="Manufacturer_Name" value="WB_LOAD_RESISTOR" constant="no"/><attribute name="PowerPortType" value="POWER_GROUND" constant="no"/></technology></technologies></device></devices></deviceset><deviceset name="CRCW0402732KFKED" prefix=""><gates><gate name="1" addlevel="always" y="0" x="0" symbol="CRCW0402732KFKED@1"/></gates><devices><device name="CRCW0402732KFKED" package="0402"><connects><connect pad="1" pin="1@1" gate="1"/><connect pad="2" pin="2@2" gate="1"/></connects><technologies><technology name=""><attribute name="Resistance" value="732000.0" constant="no"/><attribute name="Power" value="0.063" constant="no"/><attribute name="Tolerance" value="1.0" constant="no"/><attribute name="Manufacturer_Part_Number" value="CRCW0402732KFKED" constant="no"/><attribute name="Vendor" value="Vishay-Dale" constant="no"/><attribute name="Manufacturer_Name" value="Vishay-Dale" constant="no"/></technology></technologies></device></devices></deviceset><deviceset name="TPS61022RWUR" prefix="U"><gates><gate name="1" addlevel="always" y="0" x="0" symbol="TPS61022RWUR@1"/></gates><devices><device name="TPS61022RWUR" package="RWU0007A"><connects><connect pad="1" pin="GND@1" gate="1"/><connect pad="2" pin="SW@2" gate="1"/><connect pad="3" pin="VOUT@3" gate="1"/><connect pad="4" pin="FB@4" gate="1"/><connect pad="5" pin="EN@5" gate="1"/><connect pad="6" pin="MODE@6" gate="1"/><connect pad="7" pin="VIN@7" gate="1"/></connects><technologies><technology name=""><attribute name="Manufacturer" value="Texas Instruments" constant="no"/><attribute name="PartNumber" value="TPS61022RWUR" constant="no"/><attribute name="RefDes" value="RefDes" constant="no"/><attribute name="TYPE" value="TYPE" constant="no"/><attribute name="Value" value="Value" constant="no"/><attribute name="Manufacturer_Part_Number" value="TPS61022RWUR" constant="no"/><attribute name="Manufacturer_Name" value="Texas Instruments" constant="no"/></technology></technologies></device></devices></deviceset><deviceset name="C0805C106K8PACTU" prefix=""><gates><gate name="1" addlevel="always" y="0" x="0" symbol="C0805C106K8PACTU@1"/></gates><devices><device name="C0805C106K8PACTU" package="0805"><connects><connect pad="1" pin="1@1" gate="1"/><connect pad="2" pin="2@2" gate="1"/></connects><technologies><technology name=""><attribute name="Cap" value="1.0E-5" constant="no"/><attribute name="ESR" value="0.0030" constant="no"/><attribute name="IRMS" value="11.43" constant="no"/><attribute name="VDC" value="10.0" constant="no"/><attribute name="Manufacturer_Part_Number" value="C0805C106K8PACTU" constant="no"/><attribute name="Vendor" value="Kemet" constant="no"/><attribute name="Manufacturer_Name" value="Kemet" constant="no"/></technology></technologies></device></devices></deviceset><deviceset name="WB_GND" prefix=""><gates><gate name="1" addlevel="always" y="0" x="0" symbol="WB_GND@1"/></gates><devices><device name="WB_GND" package="WB_GND"><connects><connect pad="1" pin="1@1" gate="1"/></connects><technologies><technology name=""><attribute name="Value" value="Value" constant="no"/><attribute name="Manufacturer_Part_Number" value="WB_GND" constant="no"/><attribute name="Manufacturer_Name" value="WB_GND" constant="no"/><attribute name="PowerPortType" value="POWER_GROUND" constant="no"/></technology></technologies></device></devices></deviceset><deviceset name="CRCW0402100KFKED" prefix=""><gates><gate name="1" addlevel="always" y="0" x="0" symbol="CRCW0402100KFKED@1"/></gates><devices><device name="CRCW0402100KFKED" package="0402"><connects><connect pad="1" pin="1@1" gate="1"/><connect pad="2" pin="2@2" gate="1"/></connects><technologies><technology name=""><attribute name="Resistance" value="100000.0" constant="no"/><attribute name="Power" value="0.063" constant="no"/><attribute name="Tolerance" value="1.0" constant="no"/><attribute name="Manufacturer_Part_Number" value="CRCW0402100KFKED" constant="no"/><attribute name="Vendor" value="Vishay-Dale" constant="no"/><attribute name="Manufacturer_Name" value="Vishay-Dale" constant="no"/></technology></technologies></device></devices></deviceset><deviceset name="XFL4020-102MEB" prefix=""><gates><gate name="1" addlevel="always" y="0" x="0" symbol="XFL4020-102MEB@1"/></gates><devices><device name="XFL4020-102MEB" package="XFL4020"><connects><connect pad="1" pin="1@1" gate="1"/><connect pad="2" pin="2@2" gate="1"/></connects><technologies><technology name=""><attribute name="L" value="1.0E-6" constant="no"/><attribute name="DCR" value="0.01" constant="no"/><attribute name="IDC" value="5.4" constant="no"/><attribute name="Manufacturer_Part_Number" value="XFL4020-102MEB" constant="no"/><attribute name="Vendor" value="Coilcraft" constant="no"/><attribute name="Manufacturer_Name" value="Coilcraft" constant="no"/></technology></technologies></device></devices></deviceset><deviceset name="WB_BATTERY" prefix=""><gates><gate name="1" addlevel="always" y="0" x="0" symbol="WB_BATTERY@1"/></gates><devices><device name="WB_BATTERY" package="WB_BATTERY"><connects><connect pad="1" pin="+@1" gate="1"/><connect pad="2" pin="-@2" gate="1"/></connects><technologies><technology name=""><attribute name="Value" value="Value" constant="no"/><attribute name="Manufacturer_Part_Number" value="WB_BATTERY" constant="no"/><attribute name="Manufacturer_Name" value="WB_BATTERY" constant="no"/><attribute name="PowerPortType" value="POWER_GROUND" constant="no"/></technology></technologies></device></devices></deviceset><deviceset name="WB_PWL_CURRENT_LOAD" prefix=""><gates><gate name="1" addlevel="always" y="0" x="0" symbol="WB_PWL_CURRENT_LOAD@1"/></gates><devices><device name="WB_PWL_CURRENT_LOAD" package="WB_PWL_CURRENT_LOAD"><connects><connect pad="1" pin="+@1" gate="1"/><connect pad="2" pin="-@2" gate="1"/></connects><technologies><technology name=""><attribute name="Value" value="Value" constant="no"/><attribute name="Manufacturer_Part_Number" value="WB_PWL_CURRENT_LOAD" constant="no"/><attribute name="Manufacturer_Name" value="WB_PWL_CURRENT_LOAD" constant="no"/><attribute name="PowerPortType" value="POWER_GROUND" constant="no"/></technology></technologies></device></devices></deviceset><deviceset name="GRM21BR71A106KE51L" prefix=""><gates><gate name="1" addlevel="always" y="0" x="0" symbol="GRM21BR71A106KE51L@1"/></gates><devices><device name="GRM21BR71A106KE51L" package="0805"><connects><connect pad="1" pin="1@1" gate="1"/><connect pad="2" pin="2@2" gate="1"/></connects><technologies><technology name=""><attribute name="Cap" value="1.0E-5" constant="no"/><attribute name="ESR" value="0.0030" constant="no"/><attribute name="IRMS" value="0.0" constant="no"/><attribute name="VDC" value="10.0" constant="no"/><attribute name="Manufacturer_Part_Number" value="GRM21BR71A106KE51L" constant="no"/><attribute name="Vendor" value="MuRata" constant="no"/><attribute name="Manufacturer_Name" value="MuRata" constant="no"/></technology></technologies></device></devices></deviceset></devicesets></library></libraries><attributes/><variantdefs/><classes><class number="0" name="default" width="0" drill="0"/></classes><parts><part name="COUT" library="AcceleratedDesigns_Lib" device="GRM21BR71A106KE51L" deviceset="GRM21BR71A106KE51L" value="10uF"/><part name="RFBT" library="AcceleratedDesigns_Lib" device="CRCW0402732KFKED" deviceset="CRCW0402732KFKED" value="732k"/><part name="U1" library="AcceleratedDesigns_Lib" device="TPS61022RWUR" deviceset="TPS61022RWUR" value="TPS61022RWUR"/><part name="CIN" library="AcceleratedDesigns_Lib" device="C0805C106K8PACTU" deviceset="C0805C106K8PACTU" value="10uF"/><part name="GND" library="AcceleratedDesigns_Lib" device="WB_GND" deviceset="WB_GND" value="WB_GND"/><part name="RFBB" library="AcceleratedDesigns_Lib" device="CRCW0402100KFKED" deviceset="CRCW0402100KFKED" value="100k"/><part name="L1" library="AcceleratedDesigns_Lib" device="XFL4020-102MEB" deviceset="XFL4020-102MEB" value="1uH"/><part name="VIN" library="AcceleratedDesigns_Lib" device="WB_BATTERY" deviceset="WB_BATTERY" value="WB_BATTERY"/><part name="IOUT" library="AcceleratedDesigns_Lib" device="WB_PWL_CURRENT_LOAD" deviceset="WB_PWL_CURRENT_LOAD" value="WB_PWL_CURRENT_LOAD"/><part name="RLOAD" library="AcceleratedDesigns_Lib" device="WB_LOAD_RESISTOR" deviceset="WB_LOAD_RESISTOR" value="WB_LOAD_RESISTOR"/><part name="COUT_2" library="AcceleratedDesigns_Lib" device="GRM21BR71A106KE51L" deviceset="GRM21BR71A106KE51L" value="10uF"/></parts><sheets><sheet><plain/><instances><instance part="Cout" gate="1" x="181.61" y="57.15" rot="R90" smashed="yes"><attribute name="NAME" x="184.658" y="61.468" size="2" layer="95" rot="R0" align="bottom-left"/><attribute name="VALUE" x="184.658" y="56.896" size="2" layer="96" rot="R0" align="bottom-left"/></instance><instance part="Rfbt" gate="1" x="160.02" y="74.93" rot="R90" smashed="yes"><attribute name="NAME" x="161.544" y="77.724" size="2" layer="95" rot="R0" align="bottom-left"/><attribute name="VALUE" x="161.544" y="73.152" size="2" layer="96" rot="R0" align="bottom-left"/></instance><instance part="U1" gate="1" x="101.6" y="73.66" rot="R0" smashed="yes"><attribute name="NAME" x="101.6" y="73.66" size="2" layer="95" rot="R0" align="bottom-center"/><attribute name="TYPE" x="101.6" y="69.85" size="2" layer="96" rot="R0" align="bottom-center"/></instance><instance part="Cin" gate="1" x="53.34" y="63.5" rot="R90" smashed="yes"><attribute name="NAME" x="56.388" y="67.818" size="2" layer="95" rot="R0" align="bottom-left"/><attribute name="VALUE" x="56.388" y="63.246" size="2" layer="96" rot="R0" align="bottom-left"/></instance><instance part="GND" gate="1" x="102.87" y="27.94" rot="R0" smashed="yes"><attribute name="NAME" x="102.87" y="33.528" size="2" layer="95" display="off" rot="R0" align="bottom-center"/></instance><instance part="Rfbb" gate="1" x="160.02" y="46.99" rot="R90" smashed="yes"><attribute name="NAME" x="161.544" y="49.784" size="2" layer="95" rot="R0" align="bottom-left"/><attribute name="VALUE" x="161.544" y="45.212" size="2" layer="96" rot="R0" align="bottom-left"/></instance><instance part="L1" gate="1" x="100.33" y="107.95" rot="R0" smashed="yes"><attribute name="NAME" x="100.33" y="112.268" size="2" layer="95" rot="R0" align="bottom-center"/><attribute name="VALUE" x="100.33" y="102.87" size="2" layer="96" rot="R0" align="bottom-center"/></instance><instance part="Vin" gate="1" x="29.21" y="66.04" rot="R270" smashed="yes"><attribute name="NAME" x="33.02" y="71.12" size="2" layer="95" rot="R0" align="bottom-left"/></instance><instance part="Iout" gate="1" x="252.73" y="54.61" rot="R270" smashed="yes"><attribute name="NAME" x="256.54" y="59.69" size="2" layer="95" rot="R0" align="bottom-left"/></instance><instance part="Rload" gate="1" x="267.97" y="54.61" rot="R90" smashed="yes"><attribute name="NAME" x="269.494" y="57.404" size="2" layer="95" rot="R0" align="bottom-left"/></instance><instance part="Cout_2" gate="1" x="199.39" y="57.15" rot="R90" smashed="yes"><attribute name="NAME" x="202.438" y="61.468" size="2" layer="95" rot="R0" align="bottom-left"/><attribute name="VALUE" x="202.438" y="56.896" size="2" layer="96" rot="R0" align="bottom-left"/></instance></instances><busses/><nets><net name="5" class="0"><segment><pinref part="Cout" pin="1@1" gate="1"/><pinref part="Rfbt" pin="1@1" gate="1"/><pinref part="U1" pin="VOUT@3" gate="1"/><pinref part="Iout" pin="+@1" gate="1"/><pinref part="Rload" pin="1@1" gate="1"/><pinref part="Cout_2" pin="1@1" gate="1"/><wire x1="119.38" y1="78.74" x2="128.27" y2="78.74" width="0" layer="91"/><wire x1="128.27" y1="78.74" x2="128.27" y2="86.36" width="0" layer="91"/><wire x1="160.02" y1="82.55" x2="160.02" y2="86.36" width="0" layer="91"/><wire x1="181.61" y1="64.77" x2="181.61" y2="86.36" width="0" layer="91"/><wire x1="252.73" y1="62.23" x2="252.73" y2="86.36" width="0" layer="91"/><wire x1="267.97" y1="62.23" x2="267.97" y2="86.36" width="0" layer="91"/><wire x1="128.27" y1="86.36" x2="267.97" y2="86.36" width="0" layer="91"/><wire x1="181.61" y1="64.77" x2="199.39" y2="64.77" width="0" layer="91"/></segment></net><net name="0" class="0"><segment><pinref part="Cout" pin="2@2" gate="1"/><pinref part="U1" pin="GND@1" gate="1"/><pinref part="U1" pin="MODE@6" gate="1"/><pinref part="Cin" pin="2@2" gate="1"/><pinref part="GND" pin="1@1" gate="1"/><pinref part="Rfbb" pin="2@2" gate="1"/><pinref part="Vin" pin="-@2" gate="1"/><pinref part="Iout" pin="-@2" gate="1"/><pinref part="Rload" pin="2@2" gate="1"/><pinref part="Cout_2" pin="2@2" gate="1"/><wire x1="78.74" y1="30.48" x2="78.74" y2="66.04" width="0" layer="91"/><wire x1="78.74" y1="66.04" x2="83.82" y2="66.04" width="0" layer="91"/><wire x1="78.74" y1="30.48" x2="78.74" y2="33.02" width="0" layer="91"/><wire x1="160.02" y1="39.37" x2="160.02" y2="30.48" width="0" layer="91"/><wire x1="181.61" y1="30.48" x2="181.61" y2="49.53" width="0" layer="91"/><wire x1="53.34" y1="30.48" x2="53.34" y2="55.88" width="0" layer="91"/><wire x1="119.38" y1="60.96" x2="119.38" y2="30.48" width="0" layer="91"/><wire x1="29.21" y1="30.48" x2="29.21" y2="58.42" width="0" layer="91"/><wire x1="29.21" y1="30.48" x2="29.21" y2="33.02" width="0" layer="91"/><wire x1="267.97" y1="46.99" x2="267.97" y2="30.48" width="0" layer="91"/><wire x1="252.73" y1="30.48" x2="252.73" y2="46.99" width="0" layer="91"/><wire x1="29.21" y1="30.48" x2="267.97" y2="30.48" width="0" layer="91"/><wire x1="181.61" y1="49.53" x2="199.39" y2="49.53" width="0" layer="91"/></segment></net><net name="3" class="0"><segment><pinref part="Rfbt" pin="2@2" gate="1"/><pinref part="U1" pin="FB@4" gate="1"/><pinref part="Rfbb" pin="1@1" gate="1"/><wire x1="160.02" y1="67.31" x2="160.02" y2="54.61" width="0" layer="91"/><wire x1="119.38" y1="66.04" x2="160.02" y2="66.04" width="0" layer="91"/></segment></net><net name="4" class="0"><segment><pinref part="U1" pin="SW@2" gate="1"/><pinref part="L1" pin="2@2" gate="1"/><wire x1="107.95" y1="107.95" x2="119.38" y2="107.95" width="0" layer="91"/><wire x1="119.38" y1="86.36" x2="119.38" y2="107.95" width="0" layer="91"/></segment></net><net name="2" class="0"><segment><pinref part="U1" pin="EN@5" gate="1"/><pinref part="U1" pin="VIN@7" gate="1"/><pinref part="Cin" pin="1@1" gate="1"/><pinref part="L1" pin="1@1" gate="1"/><pinref part="Vin" pin="+@1" gate="1"/><wire x1="68.58" y1="107.95" x2="68.58" y2="86.36" width="0" layer="91"/><wire x1="53.34" y1="86.36" x2="53.34" y2="71.12" width="0" layer="91"/><wire x1="63.5" y1="86.36" x2="63.5" y2="76.2" width="0" layer="91"/><wire x1="83.82" y1="76.2" x2="63.5" y2="76.2" width="0" layer="91"/><wire x1="68.58" y1="107.95" x2="92.71" y2="107.95" width="0" layer="91"/><wire x1="29.21" y1="86.36" x2="83.82" y2="86.36" width="0" layer="91"/><wire x1="29.21" y1="73.66" x2="29.21" y2="86.36" width="0" layer="91"/><wire x1="29.21" y1="83.82" x2="29.21" y2="86.36" width="0" layer="91"/></segment></net></nets></sheet></sheets></schematic></drawing></eagle>
